{"cameraMode":{"drawMode":0,"name":"Shaded","section":"Shading Mode"},"sceneLighting":false,"audioPlay":false,"sceneViewState":{"m_AlwaysRefresh":false,"showFog":true,"showSkybox":true,"showFlares":true,"showImageEffects":true,"showParticleSystems":true,"showVisualEffectGraphs":true,"m_FxEnabled":true},"in2DMode":false,"pivot":{"x":456.94329833984377,"y":527.2047729492188,"z":-409.5557861328125},"rotation":{"x":0.0018731583841145039,"y":0.04803138226270676,"z":0.00075959088280797,"w":0.9991485476493836},"size":16.337078094482423,"orthographic":false}