{"cameraMode":{"drawMode":0,"name":"Shaded","section":"Shading Mode"},"sceneLighting":false,"audioPlay":false,"sceneViewState":{"m_AlwaysRefresh":false,"showFog":true,"showSkybox":true,"showFlares":true,"showImageEffects":true,"showParticleSystems":true,"showVisualEffectGraphs":true,"m_FxEnabled":true},"in2DMode":false,"pivot":{"x":497.08477783203127,"y":544.1683349609375,"z":-357.1623840332031},"rotation":{"x":-0.0010952625889331103,"y":0.07947306334972382,"z":0.0009387471945956349,"w":0.9971410632133484},"size":48.268184661865237,"orthographic":false}